{
	"partitions" : [
		{
			"name" : "Top",
			"pins" : [
				{
					"name" : "outFlagIOE",
					"strict" : false
				},
				{
					"name" : "out[0]",
					"strict" : false
				},
				{
					"name" : "out[1]",
					"strict" : false
				},
				{
					"name" : "out[2]",
					"strict" : false
				},
				{
					"name" : "out[3]",
					"strict" : false
				},
				{
					"name" : "out[4]",
					"strict" : false
				},
				{
					"name" : "out[5]",
					"strict" : false
				},
				{
					"name" : "out[6]",
					"strict" : false
				},
				{
					"name" : "out[7]",
					"strict" : false
				},
				{
					"name" : "out[8]",
					"strict" : false
				},
				{
					"name" : "out[9]",
					"strict" : false
				},
				{
					"name" : "out[10]",
					"strict" : false
				},
				{
					"name" : "out[11]",
					"strict" : false
				},
				{
					"name" : "out[12]",
					"strict" : false
				},
				{
					"name" : "out[13]",
					"strict" : false
				},
				{
					"name" : "out[14]",
					"strict" : false
				},
				{
					"name" : "out[15]",
					"strict" : false
				},
				{
					"name" : "out[16]",
					"strict" : false
				},
				{
					"name" : "out[17]",
					"strict" : false
				},
				{
					"name" : "out[18]",
					"strict" : false
				},
				{
					"name" : "out[19]",
					"strict" : false
				},
				{
					"name" : "out[20]",
					"strict" : false
				},
				{
					"name" : "out[21]",
					"strict" : false
				},
				{
					"name" : "out[22]",
					"strict" : false
				},
				{
					"name" : "out[23]",
					"strict" : false
				},
				{
					"name" : "clock",
					"strict" : false
				},
				{
					"name" : "reset",
					"strict" : false
				},
				{
					"name" : "startIO",
					"strict" : false
				}
			]
		}
	]
}